<eml:eml xmlns:eml="eml://ecoinformatics.org/eml-2.1.1"
         xmlns:xsi="http://www.w3.org/2001/XMLSchema-instance"
         xsi:schemaLocation="eml://ecoinformatics.org/eml-2.1.1 http://rs.gbif.org/schema/eml-gbif-profile/1.0.2/eml.xsd"
         packageId="71d58564-f762-11e1-a439-00145eb45e9a" system="http://gbif.org" scope="system"
         xml:lang="en">

<dataset>
    <alternateIdentifier system="GBIF_PORTAL">9126</alternateIdentifier>
  <title>Museu de Ciències Naturals de Barcelona: MCNB-Cord</title>
<creator>
</creator>
<metadataProvider>
</metadataProvider>
<associatedParty>
    <phone>#34933196912</phone>
    <electronicMailAddress>egarciafr@bcn.cat</electronicMailAddress>
    <role>TECHNICAL_POINT_OF_CONTACT</role>
</associatedParty>
<language>en</language>
<abstract>
  <para>The Chordate collection (except Tissue Bank) contains more than 30,000 specimens, 24.000 of which have geographical origin documented. Collection grows annually by donations and passive recollections. Specimens come from several sources: nature, the Zoological Park of Barcelona, and animal recovery centers in Catalonia. There is a Laboratory where specimens are prepared (study skins, mounted, skeletons, tissues, etc). Chordates are primarily used for scientific and educational purposes. Chondrichthyes collection consists of 580 specimens; Actinopterygii collection contains 9.600 specimens. In both cases, are whole animals alcohol preserved, collected in Spain and Africa. Amphibians, 1.400 specimens, are preserved in alcohol; nearly all come from the Iberian Peninsula. There are nearly 2.300 reptiles, half from Spain and the rest from America and Africa. With more than 14.000 specimens, mostly from Spain, birds make up the largest part of the Chordate collection. Bird collection contains specimens from Equatorial Guinea, Ecuador and Vietnam. The mammal collection (more than 5.000 specimens) is largely a study collection. Half of the mammals in the collection come from fieldwork carried out on the Iberian Peninsula. Highlights include the collection of African mammals, with a few American and Asiatic mammals.</para>
</abstract>
  <distribution scope="document">
    <online>
      <url function="information">http://w110.bcn.cat/portal/site/MuseuDeCiencies/menuitem.a5e780716128291a1b69d9d1387409a0/?vgnextoid=0000000418895855VgnV6CONT00000000000RCRD&amp;lang=es_ES</url>
    </online>
  </distribution>
  <contact>
    <address>
        <deliveryPoint>Passeig Picasso s/n, Barcelona, Barcelona ES, E-08003</deliveryPoint>
    </address>
    <phone>+34 933296912</phone>
    <electronicMailAddress>jquesadal@mail.bcn.es</electronicMailAddress>
  </contact>

</dataset>

<additionalMetadata>
  <metadata>
    <gbif>
        <dateStamp>2013-12-11T08:50:38.659+01:00</dateStamp>
        <citation>MCNB Chordate GBIF online database (date when consulted)</citation>
        <resourceLogoUrl>http://www.gbif.es:8080/ipt/logo.do?r=mcnb-cord</resourceLogoUrl>
    </gbif>
  </metadata>
</additionalMetadata>

</eml:eml>
