<eml:eml xmlns:eml="eml://ecoinformatics.org/eml-2.1.1"
         xmlns:xsi="http://www.w3.org/2001/XMLSchema-instance"
         xsi:schemaLocation="eml://ecoinformatics.org/eml-2.1.1 http://rs.gbif.org/schema/eml-gbif-profile/1.0.2/eml.xsd"
         packageId="8138eb72-f762-11e1-a439-00145eb45e9a" system="http://gbif.org" scope="system"
         xml:lang="en">

<dataset>
    <alternateIdentifier system="GBIF_PORTAL">13690</alternateIdentifier>
  <title>RBINS collections</title>
<creator>
</creator>
<metadataProvider>
</metadataProvider>
<associatedParty>
    <address>
        <deliveryPoint>Rue Vautier straat, 29 - 1000 Bruxelles/Brussels - Belgique/Belgïe</deliveryPoint>
    </address>
    <electronicMailAddress>collections@naturalsciences.be</electronicMailAddress>
    <role>ADMINISTRATIVE_POINT_OF_CONTACT</role>
</associatedParty>
<associatedParty>
    <address>
        <deliveryPoint>Rue Vautier straat, 29 - 1000 Bruxelles/Brussels - Belgique/Belgïe</deliveryPoint>
    </address>
    <electronicMailAddress>darwin-ict@naturalsciences.be</electronicMailAddress>
    <role>TECHNICAL_POINT_OF_CONTACT</role>
</associatedParty>
<language>en</language>
<abstract>
  <para>The Royal Belgian Institute of Natural Sciences houses a precious collection of zoological, anthropological, paleontological, mineralogical and geological materials and data.       The renowned Iguanodons from Bernissart, ambassadors of the Belgian science institute in Brussels, represent a natural history collection currently estimated to hold over 37 million specimens.         The roots of the present day collection reach far back in history.       It evolved from the Natural History collection of Karel of Lotharingen, governor of The Netherlands (1712-1780) and was part of didactic materials owned by the Central School of the City of Brussels.       After the independence of Belgium, the City of Brussels donated the collection to the Belgian Government and became part of the autonomous Royal Natural History Museum in 1846,       known as the Royal Belgian Institute of Natural Sciences since 1948.       Fieldwork by researchers and collaborators, in Belgium and abroad, donations and purchases have been expanding the assets ever since.         Data presented here are coming from the darwin database, the collection management tool of the RBINS.       Today, the darwin database manages information on about 350.000 specimens stored in the institute&apos;s depositories.       This number rises on a daily basis thanks to the continued efforts of curators and their adjuncts that are responsible for maintaining the stored specimens and information.       Our online database provides information about the collections of the Vertebrates, Invertebrates, Entomology and Paleobotany.       The application will soon be expanded with paleontozoological data.         The Department of Geology and the Department of Marine Ecosystems provide information on different systems.       More information on these departments can be found on www.sciencesnaturelles.be/institute/structure/geology/gsb_website and www.mumm.ac.be         The corner stone of the darwin database is the specimen and the information about its origin and its status.       Although the status of the specimens sollow the current regulations of the International Code on Zoological Nomenclature other status specifications not treated by the ICZN regulations       (eg. topotype) have been maintained as supplementary information about the specimen(s) in question.         Enjoy your virtual visit through our collections!</para>
</abstract>
  <intellectualRights>
    <para>All data given access here are the sole property of the Royal Belgian Institute for Natural Sciences (RBINS) and are protected by the laws of copyright.   The reuse of data, for any purpose whatsoever, is subject to prior authorization given by the Royal Belgian Institute for Natural Sciences (RBINS).   For more informations, comments or details on the above lines, please contact the Royal Belgian Institute for Natural Sciences (RBINS).</para>
  </intellectualRights>
  <distribution scope="document">
    <online>
      <url function="information">http://darwin.naturalsciences.be</url>
    </online>
  </distribution>
  <contact>
    <address>
        <deliveryPoint>Rue Vautier straat, 29 - 1000 Bruxelles/Brussels - Belgique/Belgïe</deliveryPoint>
    </address>
    <electronicMailAddress>collections@naturalsciences.be</electronicMailAddress>
  </contact>

</dataset>

<additionalMetadata>
  <metadata>
    <gbif>
        <dateStamp>2014-01-13T11:36:42.118+01:00</dateStamp>
        <citation>Royal Belgian Institute of Natural Sciences: RBINS collections</citation>
        <resourceLogoUrl>http://www.naturalsciences.be/layout_images/logo</resourceLogoUrl>
    </gbif>
  </metadata>
</additionalMetadata>

</eml:eml>
