<eml:eml xmlns:eml="eml://ecoinformatics.org/eml-2.1.1"
         xmlns:xsi="http://www.w3.org/2001/XMLSchema-instance"
         xsi:schemaLocation="eml://ecoinformatics.org/eml-2.1.1 http://rs.gbif.org/schema/eml-gbif-profile/1.0.2/eml.xsd"
         packageId="84806e86-f762-11e1-a439-00145eb45e9a" system="http://gbif.org" scope="system"
         xml:lang="en">

<dataset>
    <alternateIdentifier system="GBIF_PORTAL">563</alternateIdentifier>
  <title>Paleobiology Database</title>
<creator>
</creator>
<metadataProvider>
</metadataProvider>
<associatedParty>
    <electronicMailAddress>schroeter@nceas.ucsb.edu</electronicMailAddress>
    <role>TECHNICAL_POINT_OF_CONTACT</role>
</associatedParty>
<associatedParty>
    <electronicMailAddress>alroy@nceas.ucsb.edu</electronicMailAddress>
    <role>ADMINISTRATIVE_POINT_OF_CONTACT</role>
</associatedParty>
<language>en</language>
<abstract>
  <para></para>
</abstract>
  <distribution scope="document">
    <online>
      <url function="information">http://paleodb.org</url>
    </online>
  </distribution>
  <contact>
    <electronicMailAddress>alroy@nceas.ucsb.edu</electronicMailAddress>
  </contact>

</dataset>

<additionalMetadata>
  <metadata>
    <gbif>
        <dateStamp>2013-10-01T11:22:40.000+02:00</dateStamp>
        <citation>Varied sources. Individual references may be obtained from website (paleodb.org)</citation>
    </gbif>
  </metadata>
</additionalMetadata>

</eml:eml>
