<eml:eml xmlns:eml="eml://ecoinformatics.org/eml-2.1.1"
         xmlns:xsi="http://www.w3.org/2001/XMLSchema-instance"
         xsi:schemaLocation="eml://ecoinformatics.org/eml-2.1.1 http://rs.gbif.org/schema/eml-gbif-profile/1.0.2/eml.xsd"
         packageId="84aefc7e-f762-11e1-a439-00145eb45e9a" system="http://gbif.org" scope="system"
         xml:lang="en">

<dataset>
    <alternateIdentifier system="GBIF_PORTAL">631</alternateIdentifier>
  <title>Mammals Specimens</title>
<creator>
</creator>
<metadataProvider>
</metadataProvider>
<language>en</language>
<abstract>
  <para>The Collection of Mammals of the OMNH was begun in 1899 and has developed into a significant local, regional, national, and international resource. The collection is the core for the division’s scholarly research and the museum’s exhibits, and formal and informal science education programs. 

The SNOMNH mammal collection consists of about 40,000 cataloged specimens, representing 24 of the 29 mammalian orders and 93 of 153 mammalian families.</para>
</abstract>
  <intellectualRights>
    <para>SNOMNH data records may be used by individual researchers or research groups, but they may not be repackaged, resold, or redistributed in any form without the express written consent of a curatorial staff member of the Sam Noble Oklahoma Museum of Natural History. If any of these records are used in an analysis or report, the provenance of the original data must be acknowledged and the Sam Noble Oklahoma Museum of Natural History notified. SNOMNH and its staff are not responsible for damages, injury or loss due to the use of these data.</para>
  </intellectualRights>
  <distribution scope="document">
    <online>
      <url function="information">http://www.snomnh.ou.edu/collections-research/mammalogy.htm</url>
    </online>
  </distribution>
  <contact>
    <positionName>Associate Staff Curator of Mammalogy</positionName>
    <address>
        <deliveryPoint>2401 Chautauqua Ave., Norman, OK US, 73072</deliveryPoint>
    </address>
    <phone>405-325-7988</phone>
    <electronicMailAddress>bcoyner@ou.edu</electronicMailAddress>
  </contact>

</dataset>

<additionalMetadata>
  <metadata>
    <gbif>
        <dateStamp>2014-04-04T12:32:06.661+02:00</dateStamp>
        <citation>SNOMNH Mammal Collection</citation>
        <resourceLogoUrl>http://iptsnomnh.cloudapp.net:8080/ipt/logo.do?r=mammals</resourceLogoUrl>
    </gbif>
  </metadata>
</additionalMetadata>

</eml:eml>
