<eml:eml xmlns:eml="eml://ecoinformatics.org/eml-2.1.1"
         xmlns:xsi="http://www.w3.org/2001/XMLSchema-instance"
         xsi:schemaLocation="eml://ecoinformatics.org/eml-2.1.1 http://rs.gbif.org/schema/eml-gbif-profile/1.0.2/eml.xsd"
         packageId="8eddc200-f535-4c65-9b4d-f723eafe607e" system="http://gbif.org" scope="system"
         xml:lang="en">

<dataset>
    <alternateIdentifier system="GBIF_PORTAL">15009</alternateIdentifier>
  <title>PSM Vertebrates Collection</title>
<creator>
    <individualName>
        <givenName>Gary</givenName>
      <surName>Shugart</surName>
    </individualName>
    <organizationName>Slater Museum of Natural History, University of Puget Sound</organizationName>
    <positionName>Collections Manager</positionName>
    <address>
        <deliveryPoint>1500 N. Warner</deliveryPoint>
        <city>Tacoma</city>
        <administrativeArea>WA</administrativeArea>
        <postalCode>98416</postalCode>
        <country>UNITED_STATES</country>
    </address>
    <phone>+01 253-879-3356</phone>
    <electronicMailAddress>gshugart@pugetsound.edu</electronicMailAddress>
</creator>
<metadataProvider>
    <individualName>
        <givenName>Gary</givenName>
      <surName>Shugart</surName>
    </individualName>
    <organizationName>Slater Museum of Natural History, University of Puget Sound</organizationName>
    <positionName>Collections Manager</positionName>
    <address>
        <deliveryPoint>1500 N. Warner</deliveryPoint>
        <city>Tacoma</city>
        <administrativeArea>WA</administrativeArea>
        <postalCode>98416</postalCode>
        <country>UNITED_STATES</country>
    </address>
    <phone>+01 253-879-3356</phone>
    <electronicMailAddress>gshugart@pugetsound.edu</electronicMailAddress>
</metadataProvider>
<associatedParty>
    <individualName>
        <givenName>John</givenName>
      <surName>Wieczorek</surName>
    </individualName>
    <organizationName>Museum of Vertebrate Zoology at UC Berkeley</organizationName>
    <positionName>Information Architect</positionName>
    <electronicMailAddress>tuco@berkeley.edu</electronicMailAddress>
    <role>PROGRAMMER</role>
</associatedParty>
<associatedParty>
    <individualName>
        <givenName>David</givenName>
      <surName>Bloom</surName>
    </individualName>
    <organizationName>VertNet</organizationName>
    <positionName>VertNet Coordinator</positionName>
    <electronicMailAddress>dbloom@vertnet.org</electronicMailAddress>
    <role>PROGRAMMER</role>
</associatedParty>
<associatedParty>
    <individualName>
        <givenName>Laura</givenName>
      <surName>Russell</surName>
    </individualName>
    <organizationName>VertNet</organizationName>
    <positionName>VertNet Programmer</positionName>
    <electronicMailAddress>larussell@vertnet.org</electronicMailAddress>
    <role>PROGRAMMER</role>
</associatedParty>
<pubDate>
        2013-05-15
</pubDate>
<language>ENGLISH</language>
<abstract>
  <para>Most of the specimens are from Washington, Oregon, and elsewhere in western North America, but many have been acquired from other parts of the world through collecting and exchange. Specimens are being continually acquired by the museum, and the collections are growing by 1-2%/year. Many skeletons of birds and mammals have been prepared to accompany the more traditional skin collections. Especially noteworthy are the largest collections of herps and bird eggs in the Northwest and, until very recently, the largest collection of mammals in the Northwest. The bird wing collection is also of special significance, as a fifth of the bird specimens in the collection have been prepared since 1990 and thus have associated wings. Because it contains series of many species of vertebrates from throughout western North America, the Slater is an excellent source of material for the study of geographic variation.</para>
</abstract>
  <intellectualRights>
    <para>PSM data records may be used by individual researchers or research groups, but they may not be repackaged, resold, or redistributed in any form without the express written consent of a curatorial staff member of the PSM. If any of these records are used in an analysis or report, the provenance of the original data must be acknowledged and the PSM notified. The James R. Slater Museum of Natural History or its staff is not responsible for damages, injury or loss due to the use of these data.</para>
  </intellectualRights>
  <distribution scope="document">
    <online>
      <url function="information">http://www.pugetsound.edu/academics/academic-resources/slater-museum/about-the-museum/collections-summary</url>
    </online>
  </distribution>
  <contact>
    <individualName>
        <givenName>Gary</givenName>
      <surName>Shugart</surName>
    </individualName>
    <organizationName>Slater Museum of Natural History, University of Puget Sound</organizationName>
    <positionName>Collections Manager</positionName>
    <address>
        <deliveryPoint>1500 N. Warner</deliveryPoint>
        <city>Tacoma</city>
        <administrativeArea>WA</administrativeArea>
        <postalCode>98416</postalCode>
        <country>UNITED_STATES</country>
    </address>
    <phone>+01 253-879-3356</phone>
    <electronicMailAddress>gshugart@pugetsound.edu</electronicMailAddress>
  </contact>

</dataset>

<additionalMetadata>
  <metadata>
    <gbif>
        <dateStamp>2013-12-13T02:57:12.494+01:00</dateStamp>
        <citation>PSM Collection</citation>
    </gbif>
  </metadata>
</additionalMetadata>

</eml:eml>
