<eml:eml xmlns:eml="eml://ecoinformatics.org/eml-2.1.1"
         xmlns:xsi="http://www.w3.org/2001/XMLSchema-instance"
         xsi:schemaLocation="eml://ecoinformatics.org/eml-2.1.1 http://rs.gbif.org/schema/eml-gbif-profile/1.0.2/eml.xsd"
         packageId="9a201e2f-dada-4cb9-88c7-695e391aeb2f" system="http://gbif.org" scope="system"
         xml:lang="en">

<dataset>
    <alternateIdentifier system="GBIF_PORTAL">14888</alternateIdentifier>
  <title>UAM Earth Sciences Collection (Arctos)</title>
<creator>
    <individualName>
        <givenName>Patrick</givenName>
      <surName>Druckenmiller</surName>
    </individualName>
    <organizationName>University of Alaska Museum</organizationName>
    <positionName>Curator of Earth Sciences</positionName>
    <address>
        <deliveryPoint>907 Yukon Drive</deliveryPoint>
        <city>Fairbanks</city>
        <administrativeArea>AK</administrativeArea>
        <postalCode>99775-6960</postalCode>
        <country>UNITED_STATES</country>
    </address>
    <phone>(907) 474-6954</phone>
    <electronicMailAddress>psdruckenmiller@alaska.edu</electronicMailAddress>
</creator>
<metadataProvider>
    <individualName>
        <givenName>Patrick</givenName>
      <surName>Druckenmiller</surName>
    </individualName>
    <organizationName>University of Alaska Museum</organizationName>
    <positionName>Curator of Earth Sciences</positionName>
    <address>
        <deliveryPoint>907 Yukon Drive</deliveryPoint>
        <city>Fairbanks</city>
        <administrativeArea>AK</administrativeArea>
        <postalCode>99775-6960</postalCode>
        <country>UNITED_STATES</country>
    </address>
    <phone>(907) 474-6954</phone>
    <electronicMailAddress>psdruckenmiller@alaska.edu</electronicMailAddress>
</metadataProvider>
<associatedParty>
    <individualName>
        <givenName>Julie</givenName>
      <surName>Rousseau</surName>
    </individualName>
    <organizationName>University of Alaska Museum</organizationName>
    <positionName>Earth Sciences Collection Manager</positionName>
    <address>
        <deliveryPoint>907 Yukon Drive</deliveryPoint>
        <city>Fairbanks</city>
        <administrativeArea>AK</administrativeArea>
        <postalCode>99775-6960</postalCode>
        <country>UNITED_STATES</country>
    </address>
    <phone>(907) 474-6946</phone>
    <electronicMailAddress>jirousseau@alaska.edu</electronicMailAddress>
    <role>ADMINISTRATIVE_POINT_OF_CONTACT</role>
</associatedParty>
<associatedParty>
    <individualName>
        <givenName>Dusty</givenName>
      <surName>McDonald</surName>
    </individualName>
    <organizationName>University of Alaska Museum</organizationName>
    <positionName>Arctos Database Programmer</positionName>
    <electronicMailAddress>dlmcdonald@alaska.edu</electronicMailAddress>
    <role>POINT_OF_CONTACT</role>
</associatedParty>
<associatedParty>
    <individualName>
        <givenName>John</givenName>
      <surName>Wieczorek</surName>
    </individualName>
    <organizationName>Museum of Vertebrate Zoology at UC Berkeley</organizationName>
    <positionName>Information Architect</positionName>
    <electronicMailAddress>tuco@berkeley.edu</electronicMailAddress>
    <role>PROGRAMMER</role>
</associatedParty>
<associatedParty>
    <individualName>
        <givenName>David</givenName>
      <surName>Bloom</surName>
    </individualName>
    <positionName>VertNet Coordinator</positionName>
    <electronicMailAddress>dbloom@vertnet.org</electronicMailAddress>
    <role>PROGRAMMER</role>
</associatedParty>
<associatedParty>
    <individualName>
        <givenName>Laura</givenName>
      <surName>Russell</surName>
    </individualName>
    <organizationName>VertNet</organizationName>
    <positionName>VertNet Programmer</positionName>
    <electronicMailAddress>larussell@vertnet.org</electronicMailAddress>
    <role>PROGRAMMER</role>
</associatedParty>
<pubDate>
        2014-03-02
</pubDate>
<language>ENGLISH</language>
<abstract>
  <para>The University of Alaska Museum of the North Earth Sciences collection (UAMES) focuses on Alaskan fossils. It contains more than 65,000 specimens in two sub-collections: paleontology and geology (not databased yet). The paleontology collection houses both vertebrate and invertebrate specimens, ranging from Cambrian archaeocyathids to Quaternary mammals. Significantly, it is the largest collection of polar dinosaurs in the world with 10,000 specimens, primarily from the North Slope of Alaska. It also comprises a diverse assortment of Alaskan Quaternary mammals, including a large portion of the material collected throughout Alaska by Otto W. Geist between the late 1920s and the 1960s. The collection also contains a variety of paleobotanical specimens and a large collection of invertebrates (both micro- and macrofossils). It is home to 39 holotypes and 409 paratypes, most of which are invertebrates. The collection is growing through active research projects in different regions of Alaska and collaboration with state and federal agencies.</para>
</abstract>
  <keywordSet>
      <keyword>Occurrence</keyword>
      <keywordThesaurus>GBIF Dataset Type Vocabulary: http://rs.gbif.org/vocabulary/gbif/dataset_type.xml</keywordThesaurus>
  </keywordSet>
  <keywordSet>
      <keyword>Specimen</keyword>
      <keywordThesaurus>GBIF Dataset Subtype Vocabulary: http://rs.gbif.org/vocabulary/gbif/dataset_subtype.xml</keywordThesaurus>
  </keywordSet>
  <intellectualRights>
    <para>The data and media available through Arctos are the property of the originating institution, with all rights reserved. These records are intended for use in education and research and may not be repackaged, redistributed, or sold in any form without prior written consent from the collection(s) holding such data. Users wishing to include Arctos data or media in publications, reports, websites, or other means of dissemination must acknowledge the provenance of the original data, cite the institutional catalog number(s), and notify the appropriate curator. The date that information was accessed should be cited when downloaded data are used in published analyses. These are secondary data and their accuracy is not guaranteed. Citation of Arctos is no substitute for examination of specimens. The data providers are not responsible for loss or damages due to use of these data. http://arctosdb.org/home/data/</para>
  </intellectualRights>
  <distribution scope="document">
    <online>
      <url function="information">http://www.uaf.edu/museum/collections/earth/</url>
    </online>
  </distribution>
  <coverage>
      <geographicCoverage>
          <geographicDescription>Geographic coverage of the UAM Earth Sciences Collection is primarily North America, with a focus on Cambrian to Quaternary, Alaska</geographicDescription>
        <boundingCoordinates>
          <westBoundingCoordinate>-180</westBoundingCoordinate>
          <eastBoundingCoordinate>180</eastBoundingCoordinate>
          <northBoundingCoordinate>90</northBoundingCoordinate>
          <southBoundingCoordinate>-90</southBoundingCoordinate>
        </boundingCoordinates>
      </geographicCoverage>
      <temporalCoverage>
      </temporalCoverage>
        <taxonomicCoverage>
            <generalTaxonomicCoverage>The UAM Earth Sciences Collection has especially strong coverage of Late Cretaceous Dinosauria and Quaternary Mammalia. General coverage includes Mammalia, Reptilia, Pinopsida, Archaeocyatha, Bivalvia, Anthozoa, Cephalopoda, Trilobita, Gastropoda, Aves, Insecta, Graptolithina, Vertebrata, Actinopterygii, Crinoidea, Ichnites, Granuloreticulosea, Magnoliopsida, Chondrichthyes, Conodonta, Echinoidea, Polychaeta, Osteichthyes, Scaphopoda, Radiolaria</generalTaxonomicCoverage>
            <taxonomicClassification>
              <taxonRankValue></taxonRankValue>
            </taxonomicClassification>
        </taxonomicCoverage>
  </coverage>
  <contact>
    <individualName>
        <givenName>Patrick Druckenmiller</givenName>
      <surName>Druckenmiller</surName>
    </individualName>
    <organizationName>University of Alaska Museum</organizationName>
    <positionName>Curator of Earth Sciences</positionName>
    <address>
        <deliveryPoint>907 Yukon Drive, Fairbanks, AK US, 99775-6960</deliveryPoint>
        <city>Fairbanks</city>
        <administrativeArea>AK</administrativeArea>
        <postalCode>99775-6960</postalCode>
        <country>UNITED_STATES</country>
    </address>
    <phone>(907) 474-6954</phone>
    <electronicMailAddress>psdruckenmiller@alaska.edu</electronicMailAddress>
  </contact>

</dataset>

<additionalMetadata>
  <metadata>
    <gbif>
        <dateStamp>2014-03-26T08:43:45.712+01:00</dateStamp>
        <citation>University of Alaska Museum, Earth Sciences Collection</citation>
        <livingTimePeriod>1927-present</livingTimePeriod>
    </gbif>
  </metadata>
</additionalMetadata>

</eml:eml>
