<eml:eml xmlns:eml="eml://ecoinformatics.org/eml-2.1.1"
         xmlns:xsi="http://www.w3.org/2001/XMLSchema-instance"
         xsi:schemaLocation="eml://ecoinformatics.org/eml-2.1.1 http://rs.gbif.org/schema/eml-gbif-profile/1.0.2/eml.xsd"
         packageId="f36b26ac-97d1-40f6-a9a0-484defff98e7" system="http://gbif.org" scope="system"
         xml:lang="en">

<dataset>
    <alternateIdentifier system="GBIF_PORTAL">14879</alternateIdentifier>
  <title>UWYMV Mammal Collection (Arctos)</title>
<creator>
    <individualName>
        <givenName>Matthew</givenName>
      <surName>Carling</surName>
    </individualName>
    <organizationName>University of Wyoming Museum of Vertebrates</organizationName>
    <positionName>Curator</positionName>
    <address>
        <deliveryPoint>Berry Biodiversity Conservation Center</deliveryPoint>
        <city>Laramie</city>
        <administrativeArea>WY</administrativeArea>
        <postalCode>82071</postalCode>
        <country>UNITED_STATES</country>
    </address>
    <phone>(307) 766-6169</phone>
    <electronicMailAddress>mcarling@uwyo.edu</electronicMailAddress>
</creator>
<metadataProvider>
    <individualName>
        <givenName>Matthew</givenName>
      <surName>Carling</surName>
    </individualName>
    <organizationName>University of Wyoming Museum of Vertebrates</organizationName>
    <positionName>Curator</positionName>
    <address>
        <deliveryPoint>Berry Biodiversity Conservation Center</deliveryPoint>
        <city>Laramie</city>
        <administrativeArea>WY</administrativeArea>
        <postalCode>82071</postalCode>
        <country>UNITED_STATES</country>
    </address>
    <phone>(307) 766-6169</phone>
    <electronicMailAddress>mcarling@uwyo.edu</electronicMailAddress>
</metadataProvider>
<associatedParty>
    <individualName>
        <givenName>James</givenName>
      <surName>Maley</surName>
    </individualName>
    <organizationName>University of Wyoming Museum of Vertebrates</organizationName>
    <positionName>Collections Manager</positionName>
    <address>
        <deliveryPoint>Berry Biodiversity Conservation Center</deliveryPoint>
        <city>Laramie</city>
        <administrativeArea>WY</administrativeArea>
        <postalCode>82071</postalCode>
        <country>UNITED_STATES</country>
    </address>
    <phone>(307) 766-6227</phone>
    <electronicMailAddress>jmaley1@uwyo.edu</electronicMailAddress>
    <role>ADMINISTRATIVE_POINT_OF_CONTACT</role>
</associatedParty>
<associatedParty>
    <individualName>
        <givenName>Dusty</givenName>
      <surName>McDonald</surName>
    </individualName>
    <organizationName>University of Alaska Museum</organizationName>
    <positionName>Arctos Database Programmer</positionName>
    <electronicMailAddress>dlmcdonald@alaska.edu</electronicMailAddress>
    <role>POINT_OF_CONTACT</role>
</associatedParty>
<associatedParty>
    <individualName>
        <givenName>John</givenName>
      <surName>Wieczorek</surName>
    </individualName>
    <organizationName>Museum of Vertebrate Zoology at UC Berkeley</organizationName>
    <positionName>Information Architect</positionName>
    <electronicMailAddress>tuco@berkeley.edu</electronicMailAddress>
    <role>PROGRAMMER</role>
</associatedParty>
<associatedParty>
    <individualName>
        <givenName>David</givenName>
      <surName>Bloom</surName>
    </individualName>
    <positionName>VertNet Coordinator</positionName>
    <electronicMailAddress>dbloom@vertnet.org</electronicMailAddress>
    <role>PROGRAMMER</role>
</associatedParty>
<associatedParty>
    <individualName>
        <givenName>Laura</givenName>
      <surName>Russell</surName>
    </individualName>
    <organizationName>VertNet</organizationName>
    <positionName>VertNet Programmer</positionName>
    <electronicMailAddress>larussell@vertnet.org</electronicMailAddress>
    <role>PROGRAMMER</role>
</associatedParty>
<pubDate>
        2014-03-02
</pubDate>
<language>ENGLISH</language>
<abstract>
  <para>The UWYMV Mammal Collection is housed in the Robert and Carol Berry Biodiversity Conservation Center on the campus of the University of Wyoming. It is a part of the Department of Zoology and Physiology. The UWYMV Mammal Collection is focused regionally on Wyoming and taxonomically on muskrats, deer mice, and bobcats. There are small series of a variety of mammals from throughout the Rocky Mountain region. The majority of specimens were collected from the 1940s through the 1970s, but the collection is currently undergoing rapid expansion.</para>
</abstract>
  <keywordSet>
      <keyword>Occurrence</keyword>
      <keywordThesaurus>GBIF Dataset Type Vocabulary: http://rs.gbif.org/vocabulary/gbif/dataset_type.xml</keywordThesaurus>
  </keywordSet>
  <keywordSet>
      <keyword>Specimen</keyword>
      <keywordThesaurus>GBIF Dataset Subtype Vocabulary: http://rs.gbif.org/vocabulary/gbif/dataset_subtype.xml</keywordThesaurus>
  </keywordSet>
  <intellectualRights>
    <para>The data and media available through Arctos are the property of the originating institution, with all rights reserved. These records are intended for use in education and research and may not be repackaged, redistributed, or sold in any form without prior written consent from the collection(s) holding such data. Users wishing to include Arctos data or media in publications, reports, websites, or other means of dissemination must acknowledge the provenance of the original data, cite the institutional catalog number(s), and notify the appropriate curator. The date that information was accessed should be cited when downloaded data are used in published analyses. These are secondary data and their accuracy is not guaranteed. Citation of Arctos is no substitute for examination of specimens. The data providers are not responsible for loss or damages due to use of these data. http://arctosdb.org/home/data/</para>
  </intellectualRights>
  <distribution scope="document">
    <online>
      <url function="information">http://www.uwyo.edu/biodiversity/vertebrate-museum/</url>
    </online>
  </distribution>
  <coverage>
      <geographicCoverage>
          <geographicDescription>The UWYMV Mammal Collection has global coverage but the majority of holdings are from Wyoming and the Rocky Mountain region.</geographicDescription>
        <boundingCoordinates>
          <westBoundingCoordinate>-180</westBoundingCoordinate>
          <eastBoundingCoordinate>180</eastBoundingCoordinate>
          <northBoundingCoordinate>90</northBoundingCoordinate>
          <southBoundingCoordinate>-90</southBoundingCoordinate>
        </boundingCoordinates>
      </geographicCoverage>
      <temporalCoverage>
      </temporalCoverage>
        <taxonomicCoverage>
            <generalTaxonomicCoverage>Taxonomic strengths of the UWYMV Mammal Collection include muskrats, deer mice, and bobcats.</generalTaxonomicCoverage>
            <taxonomicClassification>
                <taxonRankName>CLASS</taxonRankName>
              <taxonRankValue>Mammalia</taxonRankValue>
            </taxonomicClassification>
        </taxonomicCoverage>
  </coverage>
  <contact>
    <individualName>
        <givenName>Matthew Carling</givenName>
      <surName>Carling</surName>
    </individualName>
    <organizationName>University of Wyoming Museum of Vertebrates</organizationName>
    <positionName>Curator</positionName>
    <address>
        <deliveryPoint>Berry Biodiversity Conservation Center, Laramie, WY US, 82071</deliveryPoint>
        <city>Laramie</city>
        <administrativeArea>WY</administrativeArea>
        <postalCode>82071</postalCode>
        <country>UNITED_STATES</country>
    </address>
    <phone>(307) 766-6169</phone>
    <electronicMailAddress>mcarling@uwyo.edu</electronicMailAddress>
  </contact>

</dataset>

<additionalMetadata>
  <metadata>
    <gbif>
        <dateStamp>2014-03-26T09:44:56.351+01:00</dateStamp>
        <citation>University of Wyoming Museum of Vertebrates</citation>
        <livingTimePeriod>1903-present</livingTimePeriod>
    </gbif>
  </metadata>
</additionalMetadata>

</eml:eml>
